{
    "title":"信封",
    "category": "love_letter",
    "coins_amount": 50,
    "floating_type": "webp",
    "floating_width": 75,
    "floating_height": 75,
    "floating_duration": 3000,
    "floating_download_url": "https://api.shou.tv/gift/halloween_candy_large.webp",
    "floating_download_mp3": "https://api.shou.tv/gift/halloween_candy_large.mp3",    //礼物显示声音
    "chat_type": "png",
    "chat_download_url": "https://api.shou.tv/gift/halloween_candy_small.png",
    "chat_duration": 1000
}
