{
    "title":"万圣节糖果",
    "category": "halloween_candy",
    "coins_amount": 20,
    "floating_type": "webp",
    "floating_width": 266,
    "floating_height": 136,
    "floating_duration": 3000,
    "floating_download_url": "https://api.shou.tv/gift/halloween_candy_large.webp",
    "floating_download_mp3": "https://api.shou.tv/gift/halloween_candy_large.mp3",    //礼物显示声音
    "chat_type": "png",
    "chat_download_url": "https://api.shou.tv/gift/halloween_candy_small.png",
    "chat_duration": 1000
}
